point_id,lon,lat,worldcover_raw_code,worldcover_suggested_label,verified_label,google_maps_check_link,dryseason_blue,dryseason_green,dryseason_red,dryseason_rededge,dryseason_nir,dryseason_swir1,dryseason_swir2,ndvi_s1_land_prep_mar_apr,ndvi_s2_early_growth_may_jun,ndvi_s3_peak_growth_jun_sep,ndvi_s4_maturity_sep_oct,ndvi_s5_postharvest_dec_jan,ndvi_amplitude
0,8.592894652987013,7.8403361389407,20,vegetation_forest,,"https://www.google.com/maps/@7.8403361389407,8.592894652987013,17z/data=!3m1!1e3",0.05339999869465828,0.08585000038146973,0.12349999696016312,0.15710000693798065,0.2442999929189682,0.34744998812675476,0.2700499892234802,0.2098943144083023,0.32468897104263306,0.6453437209129333,,0.3284393548965454,0.43544942140579224
1,8.716053678439806,7.995924346150204,10,vegetation_forest,,"https://www.google.com/maps/@7.995924346150204,8.716053678439806,17z/data=!3m1!1e3",0.00795000046491623,0.032999999821186066,0.026850000023841858,0.09200000017881393,0.27900001406669617,0.1839500069618225,0.10119999945163727,0.4417870044708252,0.9040042161941528,0.7845425009727478,0.7914547324180603,0.8244237303733826,0.46221721172332764
2,8.684343148910386,7.946247510938392,30,vegetation_forest,,"https://www.google.com/maps/@7.946247510938392,8.684343148910386,17z/data=!3m1!1e3",0.06449999660253525,0.10480000078678131,0.147599995136261,0.21130000054836273,0.3140000104904175,0.3982999920845032,0.29760000109672546,0.25731101632118225,0.406801700592041,0.5768947601318359,0.4989023506641388,0.3604852855205536,0.3195837438106537
3,8.816036169562295,7.832430964440448,30,vegetation_forest,,"https://www.google.com/maps/@7.832430964440448,8.816036169562295,17z/data=!3m1!1e3",0.0333000011742115,0.06975000351667404,0.09175000339746475,0.14665000140666962,0.23115000128746033,0.26429998874664307,0.16785000264644623,0.1735287606716156,0.47160178422927856,0.7207356095314026,0.8010305166244507,0.4317125976085663,0.6275017261505127
4,8.71937744499104,7.992241253485318,20,vegetation_forest,,"https://www.google.com/maps/@7.992241253485318,8.71937744499104,17z/data=!3m1!1e3",0.05660000070929527,0.0934000015258789,0.13660000264644623,0.18240000307559967,0.2750000059604645,0.37940001487731934,0.28040000796318054,0.17403681576251984,0.6699453592300415,0.6987237334251404,,0.3362487852573395,0.5246869325637817
5,8.602506626527088,7.91040473110202,30,vegetation_forest,,"https://www.google.com/maps/@7.91040473110202,8.602506626527088,17z/data=!3m1!1e3",0.07900000363588333,0.12540000677108765,0.19939999282360077,0.24130000174045563,0.32829999923706055,0.46459999680519104,0.37689998745918274,0.1261763870716095,0.26547229290008545,,0.28070172667503357,0.24426759779453278,0.15452533960342407
6,8.768874617146025,7.8575837923958005,20,vegetation_forest,,"https://www.google.com/maps/@7.8575837923958005,8.768874617146025,17z/data=!3m1!1e3",0.05420000106096268,0.09000000357627869,0.11379999667406082,0.1606999933719635,0.25699999928474426,0.34529998898506165,0.2799000144004822,0.13786588609218597,0.4399999976158142,0.6379232406616211,,0.3861920237541199,0.5000573396682739
7,8.763215230856076,7.995834514621791,10,vegetation_forest,,"https://www.google.com/maps/@7.995834514621791,8.763215230856076,17z/data=!3m1!1e3",0.02410000003874302,0.05959999933838844,0.0677499994635582,0.1311500072479248,0.28439998626708984,0.28459998965263367,0.17980000376701355,0.2859325706958771,0.6598016619682312,0.7280616760253906,,0.6152207851409912,0.44212910532951355
8,8.778037433044062,7.753199556381105,30,vegetation_forest,,"https://www.google.com/maps/@7.753199556381105,8.778037433044062,17z/data=!3m1!1e3",0.05654999986290932,0.09210000187158585,0.125,0.14055000245571136,0.17874999344348907,0.30239999294281006,0.270550012588501,0.16509029269218445,0.29221436381340027,0.48177602887153625,0.6162315607070923,0.1769547164440155,0.45114126801490784
9,8.713358732587437,7.991432769729613,10,vegetation_forest,,"https://www.google.com/maps/@7.991432769729613,8.713358732587437,17z/data=!3m1!1e3",0.03604999929666519,0.07609999924898148,0.09260000288486481,0.14429999887943268,0.3113499879837036,0.2692500054836273,0.18170000612735748,0.3286861181259155,0.6868008971214294,0.7143203020095825,0.6722262501716614,0.5415273904800415,0.385634183883667
10,8.75575921399789,7.752211409568574,10,vegetation_forest,,"https://www.google.com/maps/@7.752211409568574,8.75575921399789,17z/data=!3m1!1e3",0.03590000048279762,0.07559999823570251,0.09860000014305115,0.14920000731945038,0.28220000863075256,0.3068000078201294,0.23569999635219574,0.3085435926914215,0.6211188435554504,0.7657657861709595,0.5073015689849854,0.4821428656578064,0.45722219347953796
11,8.577533461628576,7.916153948920396,10,vegetation_forest,,"https://www.google.com/maps/@7.916153948920396,8.577533461628576,17z/data=!3m1!1e3",0.04899999871850014,0.08540000021457672,0.12530000507831573,0.1615999937057495,0.27559998631477356,0.3386000096797943,0.26269999146461487,0.281409353017807,0.518499493598938,0.5793251991271973,0.6098231673240662,0.37490642070770264,0.32841381430625916
12,8.82079724056814,7.746192697164972,30,vegetation_forest,,"https://www.google.com/maps/@7.746192697164972,8.82079724056814,17z/data=!3m1!1e3",0.0544000007212162,0.08240000158548355,0.12060000002384186,0.16779999434947968,0.25999999046325684,0.3215000033378601,0.22030000388622284,0.17810221016407013,0.19738134741783142,0.5283706188201904,0.4694783687591553,0.3662637770175934,0.3502684235572815
13,8.812442908425822,7.763170856034833,20,vegetation_forest,,"https://www.google.com/maps/@7.763170856034833,8.812442908425822,17z/data=!3m1!1e3",0.042100001126527786,0.07980000227689743,0.10859999805688858,0.16009999811649323,0.2822999954223633,0.32420000433921814,0.2087000012397766,0.27345913648605347,0.4581463038921356,0.5903459191322327,0.6606990694999695,0.4443591833114624,0.387239933013916
14,8.756927023867235,7.943283070500797,20,vegetation_forest,,"https://www.google.com/maps/@7.943283070500797,8.756927023867235,17z/data=!3m1!1e3",0.05869999900460243,0.10090000182390213,0.14820000529289246,0.17820000648498535,0.29179999232292175,0.3603000044822693,0.24639999866485596,0.1622602492570877,0.3422950506210327,0.6369478106498718,0.696602463722229,0.32636362314224243,0.5343422293663025
15,8.716862162195525,7.91354883459644,30,vegetation_forest,,"https://www.google.com/maps/@7.91354883459644,8.716862162195525,17z/data=!3m1!1e3",0.060350000858306885,0.09274999797344208,0.13699999451637268,0.1764499992132187,0.25220000743865967,0.380950003862381,0.31975001096725464,0.1815113127231598,0.2162296026945114,0.3602120578289032,0.31376978754997253,0.29599180817604065,0.1787007451057434
16,8.789985026322853,7.799372961984858,20,vegetation_forest,,"https://www.google.com/maps/@7.799372961984858,8.789985026322853,17z/data=!3m1!1e3",0.021700000390410423,0.04910000041127205,0.07199999690055847,0.11580000072717667,0.21649999916553497,0.2513999938964844,0.1720000058412552,0.3181670606136322,0.5192943811416626,0.7010243535041809,0.7812995314598083,0.5008665919303894,0.46313247084617615
17,8.628827264351798,7.8478819873273125,20,vegetation_forest,,"https://www.google.com/maps/@7.8478819873273125,8.628827264351798,17z/data=!3m1!1e3",0.06379999965429306,0.1136000007390976,0.15299999713897705,0.18379999697208405,0.30160000920295715,0.36880001425743103,0.2678999900817871,0.1958315372467041,0.3666538894176483,0.4606451690196991,0.4482579231262207,0.3268807828426361,0.264813631772995
18,8.663951391960865,7.8857908923171465,20,vegetation_forest,,"https://www.google.com/maps/@7.8857908923171465,8.663951391960865,17z/data=!3m1!1e3",0.04684999957680702,0.08560000360012054,0.10890000313520432,0.15440000593662262,0.26969999074935913,0.3404499888420105,0.25975000858306885,0.4261315166950226,0.5013123154640198,0.43904760479927063,0.48714539408683777,0.4247226417064667,0.0765896737575531
19,8.72674363032084,7.993319231826263,30,vegetation_forest,,"https://www.google.com/maps/@7.993319231826263,8.72674363032084,17z/data=!3m1!1e3",0.04969999939203262,0.09480000287294388,0.14880000054836273,0.1784999966621399,0.2529999911785126,0.37139999866485596,0.3179999887943268,0.2037670910358429,0.33778679370880127,0.2958325743675232,0.23665660619735718,0.2593329846858978,0.13401970267295837
20,8.76303556779925,7.979395344922409,40,cropland,,"https://www.google.com/maps/@7.979395344922409,8.76303556779925,17z/data=!3m1!1e3",0.07580000162124634,0.121799997985363,0.18520000576972961,0.22280000150203705,0.3019999861717224,0.41999998688697815,0.3391000032424927,0.11408884078264236,0.2253349870443344,0.4278305768966675,0.5249176621437073,0.23973724246025085,0.4108288288116455
21,8.718479129706935,7.807367968013523,40,cropland,,"https://www.google.com/maps/@7.807367968013523,8.718479129706935,17z/data=!3m1!1e3",0.0722000002861023,0.12479999661445618,0.18639999628067017,0.2567000091075897,0.31439998745918274,0.43860000371932983,0.32339999079704285,0.15530455112457275,0.581270158290863,0.7011045813560486,0.558124840259552,0.2555910348892212,0.5458000302314758
22,8.81208358231217,7.947684815392989,40,cropland,,"https://www.google.com/maps/@7.947684815392989,8.81208358231217,17z/data=!3m1!1e3",0.0734499990940094,0.11620000004768372,0.16930000483989716,0.20270000398159027,0.2856999933719635,0.390749990940094,0.32875001430511475,0.15785223245620728,0.398499459028244,0.4543851912021637,0.46453288197517395,0.25582414865493774,0.3066806495189667
23,8.79151216230585,7.868992396504112,40,cropland,,"https://www.google.com/maps/@7.868992396504112,8.79151216230585,17z/data=!3m1!1e3",0.05490000173449516,0.09740000218153,0.1340000033378601,0.18860000371932983,0.28279998898506165,0.3905999958515167,0.3140000104904175,0.1687898188829422,0.20920239388942719,0.378867506980896,0.28898581862449646,0.3570057451725006,0.2100776880979538
24,8.661346277636937,7.760386078654065,40,cropland,,"https://www.google.com/maps/@7.760386078654065,8.661346277636937,17z/data=!3m1!1e3",0.05290000140666962,0.08560000360012054,0.1177000030875206,0.16410000622272491,0.20520000159740448,0.34290000796318054,0.24300000071525574,0.16345179080963135,0.5428458452224731,0.7197047472000122,0.44684189558029175,0.27098172903060913,0.5562529563903809
25,8.7822595148794,7.946337342466805,40,cropland,,"https://www.google.com/maps/@7.946337342466805,8.7822595148794,17z/data=!3m1!1e3",0.07930000126361847,0.11710000038146973,0.15770000219345093,0.1984499990940094,0.28119999170303345,0.4150499999523163,0.3397499918937683,0.16136585175991058,0.4970115125179291,0.5369685888290405,0.3424440622329712,0.28138527274131775,0.37560272216796875
26,8.580408070537743,7.944900038012221,40,cropland,,"https://www.google.com/maps/@7.944900038012221,8.580408070537743,17z/data=!3m1!1e3",0.07320000231266022,0.11819999665021896,0.16220000386238098,0.21660000085830688,0.3296000063419342,0.4138999879360199,0.29409998655319214,0.1356140673160553,0.46654653549194336,0.4094183146953583,0.3709198832511902,0.34038227796554565,0.33093246817588806
27,8.621910236664093,7.783382949927528,40,cropland,,"https://www.google.com/maps/@7.783382949927528,8.621910236664093,17z/data=!3m1!1e3",0.07079999893903732,0.11699999868869781,0.17640000581741333,0.21850000321865082,0.3192000091075897,0.40549999475479126,0.2881999909877777,0.2103559821844101,0.32020482420921326,0.36437657475471497,0.599189281463623,0.2881355881690979,0.38883328437805176
28,8.797980032351518,7.854529520429793,40,cropland,,"https://www.google.com/maps/@7.854529520429793,8.797980032351518,17z/data=!3m1!1e3",0.06930000334978104,0.10869999974966049,0.15850000083446503,0.20029999315738678,0.2680499851703644,0.39969998598098755,0.3531999886035919,0.1201716884970665,0.36966273188591003,0.492961585521698,0.40256914496421814,0.2568280100822449,0.3727898895740509
29,8.674282017728245,7.905463997039362,40,cropland,,"https://www.google.com/maps/@7.905463997039362,8.674282017728245,17z/data=!3m1!1e3",0.04774999991059303,0.0868000015616417,0.11060000211000443,0.1676499992609024,0.28130000829696655,0.32109999656677246,0.2179500013589859,0.18386214971542358,0.30889490246772766,0.5010511875152588,,0.43557029962539673,0.3171890377998352
30,8.763215230856076,7.839437823656581,40,cropland,,"https://www.google.com/maps/@7.839437823656581,8.763215230856076,17z/data=!3m1!1e3",0.053950000554323196,0.08995000272989273,0.12520000338554382,0.1683499962091446,0.31485000252723694,0.3144499957561493,0.23524999618530273,0.3007456660270691,0.32583171129226685,0.2151649445295334,0.37299859523773193,0.43097373843193054,0.21580879390239716
31,8.573131716736384,7.966908762473139,40,cropland,,"https://www.google.com/maps/@7.966908762473139,8.573131716736384,17z/data=!3m1!1e3",0.06109999865293503,0.1096000000834465,0.1599999964237213,0.20409999787807465,0.28349998593330383,0.39410001039505005,0.26420000195503235,0.14874142408370972,0.43358129262924194,0.5947980880737305,0.6795738935470581,0.27846673130989075,0.5308324694633484
32,8.78037305278275,7.810781566093169,40,cropland,,"https://www.google.com/maps/@7.810781566093169,8.78037305278275,17z/data=!3m1!1e3",0.05920000001788139,0.09040000289678574,0.13619999587535858,0.16200000047683716,0.22599999606609344,0.38519999384880066,0.2818000018596649,0.14947853982448578,0.13324271142482758,0.6275738477706909,0.5954692363739014,0.24792931973934174,0.49433112144470215
33,8.791961319947916,7.815183310985361,40,cropland,,"https://www.google.com/maps/@7.815183310985361,8.791961319947916,17z/data=!3m1!1e3",0.06289999932050705,0.09404999762773514,0.13699999451637268,0.15440000593662262,0.24279999732971191,0.34804999828338623,0.24879999458789825,0.18503940105438232,0.2289988249540329,0.5399252772331238,0.09254197031259537,0.27856767177581787,0.447383314371109
34,8.56001631358825,7.8797721799135445,40,cropland,,"https://www.google.com/maps/@7.8797721799135445,8.56001631358825,17z/data=!3m1!1e3",0.035999998450279236,0.07440000027418137,0.08579999953508377,0.14650000631809235,0.26980000734329224,0.33309999108314514,0.25529998540878296,0.24740856885910034,0.4647887349128723,0.5606327056884766,0.6649883389472961,0.5174353122711182,0.4175797700881958
35,8.663592065847212,7.762631866864368,40,cropland,,"https://www.google.com/maps/@7.762631866864368,8.663592065847212,17z/data=!3m1!1e3",0.04670000076293945,0.08749999850988388,0.12319999933242798,0.17949999868869781,0.2526000142097473,0.35350000858306885,0.26460000872612,0.1869688332080841,0.3693464398384094,0.4827500879764557,0.7024447917938232,0.34433212876319885,0.5154759883880615
36,8.798968179164035,7.988288666235192,40,cropland,,"https://www.google.com/maps/@7.988288666235192,8.798968179164035,17z/data=!3m1!1e3",0.06859999895095825,0.11540000140666962,0.18279999494552612,0.23360000550746918,0.32679998874664307,0.43709999322891235,0.32109999656677246,0.1479955017566681,0.4226170778274536,0.6163676977157593,0.6279069781303406,0.2825745642185211,0.4799114763736725
37,8.565496036821372,7.839976812827061,40,cropland,,"https://www.google.com/maps/@7.839976812827061,8.565496036821372,17z/data=!3m1!1e3",0.07559999823570251,0.13699999451637268,0.20999999344348907,0.2542000114917755,0.3208000063896179,0.4629000127315521,0.4090000092983246,0.14341311156749725,0.0997624471783638,,,0.20874154567718506,0.10897909849882126
38,8.720635086388825,7.773501481802214,40,cropland,,"https://www.google.com/maps/@7.773501481802214,8.720635086388825,17z/data=!3m1!1e3",0.058400001376867294,0.09640000015497208,0.13899999856948853,0.1717499941587448,0.25165000557899475,0.38225001096725464,0.3059000074863434,0.20382164418697357,0.3562091290950775,0.5807023644447327,0.51171875,0.28836557269096375,0.3768807053565979
39,8.706890862541798,7.837281866974692,40,cropland,,"https://www.google.com/maps/@7.837281866974692,8.706890862541798,17z/data=!3m1!1e3",0.055399999022483826,0.09414999932050705,0.13230000436306,0.19425000250339508,0.3018999993801117,0.3874000012874603,0.29714998602867126,0.259497731924057,0.5637900829315186,0.5780611038208008,0.5800689458847046,0.3906033933162689,0.3205712139606476
40,8.567292667389609,7.758230121972176,50,built_up,,"https://www.google.com/maps/@7.758230121972176,8.567292667389609,17z/data=!3m1!1e3",0.06825000047683716,0.10840000212192535,0.1565999984741211,0.20305000245571136,0.26664999127388,0.3776499927043915,0.3022499978542328,0.2026578038930893,0.3536278307437897,0.44723182916641235,0.4969556927680969,0.26001179218292236,0.29429787397384644
41,8.595050609668903,7.906362312323495,50,built_up,,"https://www.google.com/maps/@7.906362312323495,8.595050609668903,17z/data=!3m1!1e3",0.06780000030994415,0.11320000141859055,0.16500000655651093,0.2004999965429306,0.29420000314712524,0.39399999380111694,0.3361999988555908,0.18954245746135712,0.3510815501213074,0.4739386737346649,0.3929961323738098,0.28135886788368225,0.284396231174469
42,8.618945796226484,7.769009905381608,50,built_up,,"https://www.google.com/maps/@7.769009905381608,8.618945796226484,17z/data=!3m1!1e3",0.11949999630451202,0.17000000178813934,0.18649999797344208,0.22059999406337738,0.2828499972820282,0.32804998755455017,0.2639999985694885,0.09436893463134766,0.20122219622135162,,0.27501431107521057,0.20528391003608704,0.18064537644386292
43,8.555794231752884,7.76811159009749,50,built_up,,"https://www.google.com/maps/@7.76811159009749,8.555794231752884,17z/data=!3m1!1e3",0.06360000371932983,0.1014999970793724,0.14499999582767487,0.17499999701976776,0.23669999837875366,0.27709999680519104,0.2464500069618225,0.1545567810535431,0.26172301173210144,0.26339346170425415,0.24610204994678497,0.24024103581905365,0.10883668065071106
44,8.569718118656738,7.786257558836709,50,built_up,,"https://www.google.com/maps/@7.786257558836709,8.569718118656738,17z/data=!3m1!1e3",0.05829999968409538,0.10140000283718109,0.13349999487400055,0.18729999661445618,0.31459999084472656,0.33079999685287476,0.25064998865127563,0.20049554109573364,0.2890738844871521,0.575864315032959,0.5712220668792725,0.4041508734226227,0.37536877393722534
45,8.565855362935025,7.786976211064001,50,built_up,,"https://www.google.com/maps/@7.786976211064001,8.565855362935025,17z/data=!3m1!1e3",0.07275000214576721,0.10899999737739563,0.15160000324249268,0.1555500030517578,0.20489999651908875,0.2747499942779541,0.243599995970726,0.13038907945156097,0.09528977423906326,0.1920546442270279,0.16219991445541382,0.14950910210609436,0.09676486998796463
46,8.564687553065653,7.767123443284959,50,built_up,,"https://www.google.com/maps/@7.767123443284959,8.564687553065653,17z/data=!3m1!1e3",0.17679999768733978,0.20059999823570251,0.23389999568462372,0.25760000944137573,0.29649999737739563,0.30195000767707825,0.2673499882221222,0.07621482759714127,0.04616070166230202,0.042777419090270996,0.08016709238290787,0.11802414059638977,0.07524672150611877
47,8.590199707134673,7.86800424969158,50,built_up,,"https://www.google.com/maps/@7.86800424969158,8.590199707134673,17z/data=!3m1!1e3",0.06889999657869339,0.11299999803304672,0.15219999849796295,0.1768999993801117,0.2727000117301941,0.3375000059604645,0.2632000148296356,0.23438279330730438,0.26808711886405945,0.3193434476852417,0.30785834789276123,0.2835961580276489,0.08496065437793732
48,8.555614568696058,7.762452203807541,50,built_up,,"https://www.google.com/maps/@7.762452203807541,8.555614568696058,17z/data=!3m1!1e3",0.05050000175833702,0.09264999628067017,0.12835000455379486,0.1855500042438507,0.2511500120162964,0.3032500147819519,0.2762500047683716,0.35396072268486023,0.44514036178588867,0.4068152904510498,0.3282374143600464,0.3235836625099182,0.12155669927597046
49,8.597026903293965,7.772782829574922,50,built_up,,"https://www.google.com/maps/@7.772782829574922,8.597026903293965,17z/data=!3m1!1e3",0.12070000171661377,0.1671999990940094,0.24089999496936798,0.2433999925851822,0.35499998927116394,0.4650000035762787,0.42100000381469727,0.09872781485319138,0.2864544987678528,0.3296870291233063,0.25583574175834656,0.19147507846355438,0.2309592068195343
50,8.55732136773588,7.755445344591408,50,built_up,,"https://www.google.com/maps/@7.755445344591408,8.55732136773588,17z/data=!3m1!1e3",0.07604999840259552,0.13089999556541443,0.20675000548362732,0.23690000176429749,0.29660001397132874,0.3961000144481659,0.3684000074863434,0.15125423669815063,0.17737983167171478,0.20940396189689636,0.19420164823532104,0.17850403487682343,0.05814972519874573
51,8.559567155946183,7.769369231495261,50,built_up,,"https://www.google.com/maps/@7.769369231495261,8.559567155946183,17z/data=!3m1!1e3",0.042100001126527786,0.06920000165700912,0.0872500017285347,0.11959999799728394,0.13124999403953552,0.18895000219345093,0.17579999566078186,0.20297223329544067,0.2796531319618225,0.16175411641597748,0.15026989579200745,0.20137296617031097,0.12938323616981506
52,8.55839934607684,7.75400804013681,50,built_up,,"https://www.google.com/maps/@7.75400804013681,8.55839934607684,17z/data=!3m1!1e3",0.12280000001192093,0.18479999899864197,0.27810001373291016,0.2833000123500824,0.37119999527931213,0.4612500071525574,0.41804999113082886,0.10955578088760376,0.10507931560277939,0.23518909513950348,0.2035561203956604,0.1433851569890976,0.1301097869873047
53,8.618227143999178,7.769099736910022,50,built_up,,"https://www.google.com/maps/@7.769099736910022,8.618227143999178,17z/data=!3m1!1e3",0.07684999704360962,0.11620000004768372,0.14740000665187836,0.1898999959230423,0.26965001225471497,0.3393000066280365,0.27904999256134033,0.19571293890476227,0.30080902576446533,0.2849002778530121,0.5237159132957458,0.2931303083896637,0.3280029892921448
54,8.569807950185151,7.72813655995418,50,built_up,,"https://www.google.com/maps/@7.72813655995418,8.569807950185151,17z/data=!3m1!1e3",0.05209999904036522,0.08720000088214874,0.10170000046491623,0.1469999998807907,0.2777999937534332,0.31529998779296875,0.22990000247955322,0.2977169156074524,0.48814722895622253,0.5329229831695557,0.5581277012825012,0.4640316069126129,0.26041078567504883
55,8.592984484515426,7.919208220886404,50,built_up,,"https://www.google.com/maps/@7.919208220886404,8.592984484515426,17z/data=!3m1!1e3",0.09200000017881393,0.13819999992847443,0.16359999775886536,0.19349999725818634,0.2563999891281128,0.3531000018119812,0.30160000920295715,0.16622309386730194,0.2607819437980652,0.29859861731529236,0.2561233639717102,0.2209523618221283,0.13237552344799042
56,8.57007744477039,7.780957498660399,50,built_up,,"https://www.google.com/maps/@7.780957498660399,8.57007744477039,17z/data=!3m1!1e3",0.060600001364946365,0.10100000351667404,0.11659999936819077,0.14640000462532043,0.2635999917984009,0.2619999945163727,0.20749999582767487,0.2708933651447296,0.2611449658870697,0.4841713309288025,0.4841713309288025,0.3866386115550995,0.2230263650417328
57,8.55597389480971,7.751672420398108,50,built_up,,"https://www.google.com/maps/@7.751672420398108,8.55597389480971,17z/data=!3m1!1e3",0.062950000166893,0.10830000042915344,0.16429999470710754,0.2061000019311905,0.29440000653266907,0.3560500144958496,0.2922999858856201,0.26399675011634827,0.3862786293029785,0.623596727848053,0.6400758028030396,0.2836276590824127,0.3760790526866913
58,8.566574015162303,7.754097871665223,50,built_up,,"https://www.google.com/maps/@7.754097871665223,8.566574015162303,17z/data=!3m1!1e3",0.056299999356269836,0.09075000137090683,0.11209999769926071,0.17075000703334808,0.17440000176429749,0.30640000104904175,0.2591499984264374,0.18344438076019287,0.3220480680465698,0.2838844060897827,0.28295987844467163,0.2174520194530487,0.13860368728637695
59,8.568101151145328,7.758948774199467,50,built_up,,"https://www.google.com/maps/@7.758948774199467,8.568101151145328,17z/data=!3m1!1e3",0.07895000278949738,0.125,0.1764499992132187,0.22255000472068787,0.2924500107765198,0.3452000021934509,0.2842000126838684,0.14877432584762573,0.23758594691753387,0.3459240794181824,0.35950276255607605,0.24738752841949463,0.21072843670845032
60,8.735906446218848,7.764248834375778,60,bare_land,,"https://www.google.com/maps/@7.764248834375778,8.735906446218848,17z/data=!3m1!1e3",0.14659999310970306,0.2361000031232834,0.33219999074935913,0.3804500102996826,0.4196000099182129,0.6080999970436096,0.5614500045776367,0.04844026267528534,0.06673672795295715,0.01125400047749281,-0.2332657426595688,0.11625435203313828,0.34952008724212646
61,8.572862222151144,7.739904490176144,60,bare_land,,"https://www.google.com/maps/@7.739904490176144,8.572862222151144,17z/data=!3m1!1e3",0.07479999959468842,0.14219999313354492,0.1379999965429306,0.13809999823570251,0.07419999688863754,0.06379999965429306,0.05660000070929527,0.06966855376958847,0.04391371086239815,-0.09727225452661514,-0.1495399922132492,-0.30065977573394775,0.3703283369541168
62,8.809478467988242,7.790299977615248,60,bare_land,,"https://www.google.com/maps/@7.790299977615248,8.809478467988242,17z/data=!3m1!1e3",0.06424999982118607,0.11569999903440475,0.10660000145435333,0.10625000298023224,0.04100000113248825,0.04360000044107437,0.03584999963641167,-0.39694100618362427,-0.19383935630321503,-0.01886792853474617,-0.21014489233493805,-0.4444444477558136,0.42557650804519653
63,8.73482846787789,7.764608160489431,60,bare_land,,"https://www.google.com/maps/@7.764608160489431,8.73482846787789,17z/data=!3m1!1e3",0.08910000324249268,0.15610000491142273,0.2110999971628189,0.31485000252723694,0.4405499994754791,0.5265499949455261,0.4643999934196472,0.1958763152360916,0.20029693841934204,0.2455480843782425,0.022691283375024796,0.3521061837673187,0.32941490411758423
64,8.635205302869053,7.747450338562743,60,bare_land,,"https://www.google.com/maps/@7.747450338562743,8.635205302869053,17z/data=!3m1!1e3",0.08540000021457672,0.15139999985694885,0.22699999809265137,0.260699987411499,0.3089999854564667,0.47200000286102295,0.44839999079704285,-0.21909208595752716,0.012464042752981186,0.012464042752981186,-0.2835625410079956,0.15298505127429962,0.43654757738113403
65,8.764113546140209,7.760655573239305,60,bare_land,,"https://www.google.com/maps/@7.760655573239305,8.764113546140209,17z/data=!3m1!1e3",0.13860000669956207,0.210099995136261,0.2847000062465668,0.3154500126838684,0.3435499966144562,0.5109999775886536,0.47404998540878296,0.062474269419908524,0.06657510250806808,0.05209964141249657,-0.04261988773941994,0.09367288649082184,0.13629277050495148
66,8.563879069309962,7.796857679189316,60,bare_land,,"https://www.google.com/maps/@7.796857679189316,8.563879069309962,17z/data=!3m1!1e3",0.08309999853372574,0.1281999945640564,0.18619999289512634,0.21729999780654907,0.24424999952316284,0.38135001063346863,0.3265500068664551,0.09149627387523651,0.0783410295844078,0.20974402129650116,,0.1348588913679123,0.13140299916267395
67,8.68739742087638,7.741341794630728,60,bare_land,,"https://www.google.com/maps/@7.741341794630728,8.68739742087638,17z/data=!3m1!1e3",0.10530000180006027,0.16689999401569366,0.21660000085830688,0.2050500065088272,0.258899986743927,0.2859500050544739,0.25154998898506165,-0.32878127694129944,-0.295207679271698,-0.11147189140319824,-0.06776989996433258,0.08895896375179291,0.41774022579193115
68,8.741026843338318,7.995385356979739,60,bare_land,,"https://www.google.com/maps/@7.995385356979739,8.741026843338318,17z/data=!3m1!1e3",0.05530000105500221,0.09529999643564224,0.16689999401569366,0.1977500021457672,0.27799999713897705,0.3503499925136566,0.2737500071525574,0.123000867664814,0.2903895974159241,0.38253578543663025,0.3286965489387512,0.2497190535068512,0.25953492522239685
69,8.561543449571246,7.770447209836206,60,bare_land,,"https://www.google.com/maps/@7.770447209836206,8.561543449571246,17z/data=!3m1!1e3",0.11659999936819077,0.18539999425411224,0.3018999993801117,0.35929998755455017,0.37975001335144043,0.5392500162124634,0.5311999917030334,0.09726807475090027,0.06972939521074295,0.10081367939710617,0.11558353155851364,0.11420819163322449,0.04585413634777069
70,8.775701813305346,7.759487763369947,60,bare_land,,"https://www.google.com/maps/@7.759487763369947,8.775701813305346,17z/data=!3m1!1e3",0.0551999993622303,0.09224999696016312,0.08760000020265579,0.08089999854564667,0.046300001442432404,0.06984999775886536,0.053199999034404755,-0.2949516475200653,-0.2271880805492401,-0.20972923934459686,-0.31092438101768494,-0.30843910574913025,0.10119514167308807
71,8.59037937019147,7.741341794630728,60,bare_land,,"https://www.google.com/maps/@7.741341794630728,8.59037937019147,17z/data=!3m1!1e3",0.17880000174045563,0.260699987411499,0.3492000102996826,0.3950999975204468,0.43700000643730164,0.6219499707221985,0.5760999917984009,0.06254948675632477,0.07240890711545944,-0.1142425611615181,-0.3107207715511322,0.1116764098405838,0.4223971962928772
72,8.7573761815093,7.759936921011999,60,bare_land,,"https://www.google.com/maps/@7.759936921011999,8.7573761815093,17z/data=!3m1!1e3",0.13689999282360077,0.2071000039577484,0.29190000891685486,0.32580000162124634,0.34940001368522644,0.49570000171661377,0.4624499976634979,0.03267800807952881,0.0886932834982872,-0.09872071444988251,-0.23472890257835388,0.0896616280078888,0.3243905305862427
73,8.634666313698574,7.747630001619569,60,bare_land,,"https://www.google.com/maps/@7.747630001619569,8.634666313698574,17z/data=!3m1!1e3",0.05350000038743019,0.09719999879598618,0.1469999998807907,0.17000000178813934,0.15839999914169312,0.3084999918937683,0.2639000117778778,-0.147849440574646,0.03060711920261383,0.03060711920261383,-0.22181332111358643,0.037328090518713,0.2591414153575897
74,8.787020585885244,7.760745404767718,60,bare_land,,"https://www.google.com/maps/@7.760745404767718,8.787020585885244,17z/data=!3m1!1e3",0.017249999567866325,0.04129999876022339,0.040150001645088196,0.0596500001847744,0.05034999921917915,0.06129999831318855,0.04809999838471413,-0.01937406323850155,0.001858732895925641,-0.16175653040409088,-0.39505788683891296,0.11270715296268463,0.5077650547027588
75,8.561453618042833,7.985953046496476,60,bare_land,,"https://www.google.com/maps/@7.985953046496476,8.561453618042833,17z/data=!3m1!1e3",0.03779999911785126,0.0697999969124794,0.10320000350475311,0.14284999668598175,0.23205000162124634,0.2768999934196472,0.2053000032901764,0.16724984347820282,0.4390789568424225,0.4930817484855652,0.506263017654419,0.3843400478363037,0.33901315927505493
76,8.7611491057026,7.757241975159644,60,bare_land,,"https://www.google.com/maps/@7.757241975159644,8.7611491057026,17z/data=!3m1!1e3",0.05689999833703041,0.08720000088214874,0.09309999644756317,0.08910000324249268,0.04960000142455101,0.05025000125169754,0.039900001138448715,-0.3477261960506439,-0.35939085483551025,-0.21350179612636566,-1.0,-0.3048352897167206,0.7864981889724731
77,8.764562703782246,7.7891321677458905,60,bare_land,,"https://www.google.com/maps/@7.7891321677458905,8.764562703782246,17z/data=!3m1!1e3",0.13249999284744263,0.19930000603199005,0.2660999894142151,0.29704999923706055,0.31459999084472656,0.4796999990940094,0.45535001158714294,0.04912750795483589,0.043346796184778214,-0.08872649818658829,-0.23724791407585144,0.08351989835500717,0.3207678198814392
78,8.568999466429432,7.738197691136307,60,bare_land,,"https://www.google.com/maps/@7.738197691136307,8.568999466429432,17z/data=!3m1!1e3",0.15700000524520874,0.22380000352859497,0.29159998893737793,0.3276999890804291,0.3560999929904938,0.5296000242233276,0.4945000112056732,0.05834777280688286,0.14338724315166473,0.024538325145840645,-0.07788162678480148,0.09958314895629883,0.22126886248588562
79,8.563340080139483,7.738646848778373,60,bare_land,,"https://www.google.com/maps/@7.738646848778373,8.563340080139483,17z/data=!3m1!1e3",0.1477999985218048,0.22439999878406525,0.30959999561309814,0.35109999775886536,0.38350000977516174,0.5694000124931335,0.5288000106811523,0.043757114559412,0.07343685626983643,0.035302601754665375,-0.22934454679489136,0.10662244260311127,0.3359670042991638
80,8.663592065847212,7.7408028054602624,80,water,,"https://www.google.com/maps/@7.7408028054602624,8.663592065847212,17z/data=!3m1!1e3",0.06419999897480011,0.10580000281333923,0.09960000216960907,0.09040000289678574,0.03920000046491623,0.03530000150203705,0.031199999153614044,-0.5335463285446167,-0.22162804007530212,-0.17193426191806793,-0.2824055552482605,-0.43515849113464355,0.36161208152770996
81,8.79285963523202,7.7982051521155,80,water,,"https://www.google.com/maps/@7.7982051521155,8.79285963523202,17z/data=!3m1!1e3",0.0835999995470047,0.13860000669956207,0.1242000013589859,0.11810000240802765,0.03420000150799751,0.02710000053048134,0.02630000002682209,-0.4335496127605438,-0.3086012899875641,-0.07908020913600922,-0.33973801136016846,-0.5681818127632141,0.4891015887260437
82,8.642840982784065,7.745114718824027,80,water,,"https://www.google.com/maps/@7.745114718824027,8.642840982784065,17z/data=!3m1!1e3",0.0812000036239624,0.13459999859333038,0.12399999797344208,0.12620000541210175,0.04560000076889992,0.026799999177455902,0.025299999862909317,-0.36667752265930176,-0.14207513630390167,-0.1042172908782959,-0.11038962751626968,-0.46226415038108826,0.35804685950279236
83,8.744170946832753,7.772962492631734,80,water,,"https://www.google.com/maps/@7.772962492631734,8.744170946832753,17z/data=!3m1!1e3",0.08775000274181366,0.13940000534057617,0.1412999927997589,0.14669999480247498,0.065700002014637,0.11514999717473984,0.10360000282526016,-0.40387725830078125,-0.18717332184314728,-0.06348105520009995,-0.23512744903564453,-0.3652173578739166,0.3403961956501007
84,8.819809093755623,7.810691734564756,80,water,,"https://www.google.com/maps/@7.810691734564756,8.819809093755623,17z/data=!3m1!1e3",0.0807500034570694,0.12389999628067017,0.1298000067472458,0.13439999520778656,0.05485000088810921,0.05169999971985817,0.04374999925494194,-0.3810633420944214,-0.2245613932609558,-0.08533812314271927,-0.2014569789171219,-0.40590307116508484,0.32056495547294617
85,8.814239538994059,7.8108713976215824,80,water,,"https://www.google.com/maps/@7.8108713976215824,8.814239538994059,17z/data=!3m1!1e3",0.08869999647140503,0.13590000569820404,0.12950000166893005,0.11845000088214874,0.03689999878406525,0.034449998289346695,0.031300000846385956,-0.4126621186733246,-0.20551544427871704,-0.09137891232967377,-0.2415779083967209,-0.556490421295166,0.46511149406433105
86,8.724677505167364,7.766314959529254,80,water,,"https://www.google.com/maps/@7.766314959529254,8.724677505167364,17z/data=!3m1!1e3",0.11680000275373459,0.179299995303154,0.241799995303154,0.2877500057220459,0.28839999437332153,0.4622499942779541,0.4377500116825104,0.042208656668663025,0.02022244967520237,-0.0698869451880455,-0.16332374513149261,0.0878913626074791,0.2512151002883911
87,8.562890922497417,7.738736680306786,80,water,,"https://www.google.com/maps/@7.738736680306786,8.562890922497417,17z/data=!3m1!1e3",0.15600000321865082,0.24220000207424164,0.3384000062942505,0.38339999318122864,0.4180000126361847,0.5888000130653381,0.5486000180244446,0.053780220448970795,0.08446162194013596,-0.014191100373864174,-0.21889372169971466,0.10523533076047897,0.32412904500961304
88,8.813071729124715,7.788503347047012,80,water,,"https://www.google.com/maps/@7.788503347047012,8.813071729124715,17z/data=!3m1!1e3",0.15970000624656677,0.23350000381469727,0.31380000710487366,0.34689998626708984,0.37560001015663147,0.5430999994277954,0.5116999745368958,0.061664924025535583,0.030885007232427597,-0.029893919825553894,-0.32710281014442444,0.08964317291975021,0.41674599051475525
89,8.633678166886057,7.739814658647731,80,water,,"https://www.google.com/maps/@7.739814658647731,8.633678166886057,17z/data=!3m1!1e3",0.06750000268220901,0.10740000009536743,0.10620000213384628,0.10090000182390213,0.03680000081658363,0.024800000712275505,0.024399999529123306,-0.19691118597984314,-0.3895065486431122,-0.2385542243719101,-0.18165139853954315,-0.4853146970272064,0.30366331338882446
90,8.728450429360663,7.759038605727881,80,water,,"https://www.google.com/maps/@7.759038605727881,8.728450429360663,17z/data=!3m1!1e3",0.12710000574588776,0.2062000036239624,0.28325000405311584,0.34474998712539673,0.35019999742507935,0.5426499843597412,0.5165500044822693,0.06742071360349655,0.06365042179822922,-0.07974814623594284,-0.07974814623594284,0.10569104552268982,0.18543919920921326
91,8.69961450874041,7.763260687563246,80,water,,"https://www.google.com/maps/@7.763260687563246,8.69961450874041,17z/data=!3m1!1e3",0.07779999822378159,0.12229999899864197,0.11540000140666962,0.10764999687671661,0.04340000078082085,0.031550001353025436,0.029850000515580177,-0.44246426224708557,-0.24397674202919006,-0.06777315586805344,-0.15524718165397644,-0.45340049266815186,0.3856273293495178
92,8.798878347635622,7.931515140278833,90,water,,"https://www.google.com/maps/@7.931515140278833,8.798878347635622,17z/data=!3m1!1e3",0.010999999940395355,0.031199999153614044,0.028699999675154686,0.06030000001192093,0.10414999723434448,0.07999999821186066,0.05195000022649765,0.6147952675819397,0.8415178656578064,,0.36059480905532837,0.5679337382316589,0.480923056602478
93,8.816126001090709,7.785269412024178,80,water,,"https://www.google.com/maps/@7.785269412024178,8.816126001090709,17z/data=!3m1!1e3",0.07440000027418137,0.11479999870061874,0.11680000275373459,0.13019999861717224,0.0649000033736229,0.03465000167489052,0.03240000084042549,-0.4383561611175537,-0.3109726905822754,-0.10410652309656143,-0.20144592225551605,-0.28563565015792847,0.3342496454715729
94,8.809478467988242,7.935108401415306,90,water,,"https://www.google.com/maps/@7.935108401415306,8.809478467988242,17z/data=!3m1!1e3",0.01510000042617321,0.04455000162124634,0.049300000071525574,0.11185000091791153,0.20520000159740448,0.16290000081062317,0.0953499972820282,0.6953850984573364,0.811622142791748,0.6303818225860596,0.6701846718788147,0.6125736832618713,0.1990484595298767
95,8.68092955083074,7.761643720051836,80,water,,"https://www.google.com/maps/@7.761643720051836,8.68092955083074,17z/data=!3m1!1e3",0.08860000222921371,0.13860000669956207,0.1289999932050705,0.11940000206232071,0.04490000009536743,0.03420000150799751,0.03280000016093254,-0.4455523192882538,-0.1055021733045578,0.0019342326559126377,-0.11086098849773407,-0.48361125588417053,0.48554548621177673
96,8.622718720419783,7.740084153232971,80,water,,"https://www.google.com/maps/@7.740084153232971,8.622718720419783,17z/data=!3m1!1e3",0.13500000536441803,0.23420000076293945,0.3440000116825104,0.3937999904155731,0.4406000077724457,0.6434000134468079,0.5935999751091003,0.06960126757621765,0.08715058118104935,0.0840255543589592,-0.4834710657596588,0.12312005460262299,0.6065911054611206
97,8.622269562777717,7.73667055515331,80,water,,"https://www.google.com/maps/@7.73667055515331,8.622269562777717,17z/data=!3m1!1e3",0.13040000200271606,0.21439999341964722,0.30959999561309814,0.3476000130176544,0.3928999900817871,0.5745999813079834,0.5347999930381775,0.04319123178720474,0.06958522647619247,-0.011898007243871689,-0.5372775197029114,0.11857650429010391,0.6558540463447571
98,8.616340681902528,7.735412913755539,90,water,,"https://www.google.com/maps/@7.735412913755539,8.616340681902528,17z/data=!3m1!1e3",0.14959999918937683,0.22699999809265137,0.32330000400543213,0.36419999599456787,0.38999998569488525,0.5767999887466431,0.5335999727249146,0.04095727577805519,0.05150895565748215,0.05992414429783821,-0.5179124474525452,0.0935090184211731,0.6114214658737183
99,8.622718720419783,7.737029881266963,80,water,,"https://www.google.com/maps/@7.737029881266963,8.622718720419783,17z/data=!3m1!1e3",0.121799997985363,0.20880000293254852,0.30300000309944153,0.3407999873161316,0.38839998841285706,0.5898000001907349,0.5449000000953674,0.05376024171710014,0.07646622508764267,-0.006792708300054073,-0.2460882067680359,0.1235174834728241,0.36960569024086
100,8.64698411864321,7.896873540093114,30,vegetation_forest,,"https://www.google.com/maps/@7.896873540093114,8.64698411864321,17z/data=!3m1!1e3",0.0434500016272068,0.0778999999165535,0.11909999698400497,0.13920000195503235,0.2567000091075897,0.34060001373291016,0.2476000040769577,0.17731907963752747,0.5027295351028442,0.5342934131622314,0.39742833375930786,0.36615222692489624,0.356974333524704
101,8.769860737792955,7.853098372837645,30,vegetation_forest,,"https://www.google.com/maps/@7.853098372837645,8.769860737792955,17z/data=!3m1!1e3",0.041999999433755875,0.07900000363588333,0.1080000028014183,0.1737000048160553,0.29100000858306885,0.335099995136261,0.25609999895095825,0.36496010422706604,0.4618428349494934,,,0.45864662528038025,0.09688273072242737
102,8.672915046189116,7.9523346239550285,30,vegetation_forest,,"https://www.google.com/maps/@7.9523346239550285,8.672915046189116,17z/data=!3m1!1e3",0.056299999356269836,0.10639999806880951,0.15360000729560852,0.2071000039577484,0.3107999861240387,0.3637000024318695,0.24500000476837158,0.1784728318452835,0.5852193832397461,0.4822704792022705,0.35262531042099,0.3385012447834015,0.4067465662956238
103,8.579181141396845,7.735708877000666,30,vegetation_forest,,"https://www.google.com/maps/@7.735708877000666,8.579181141396845,17z/data=!3m1!1e3",0.08699999749660492,0.14329999685287476,0.18299999833106995,0.2172500044107437,0.23010000586509705,0.3156999945640564,0.27379998564720154,0.2565804421901703,0.4521706700325012,-0.040530573576688766,-0.04241234436631203,0.11401599645614624,0.49458301067352295
104,8.801220731536688,7.76691709706567,30,vegetation_forest,,"https://www.google.com/maps/@7.76691709706567,8.801220731536688,17z/data=!3m1!1e3",0.048700001090765,0.08889999985694885,0.12370000034570694,0.18039999902248383,0.27140000462532043,0.32440000772476196,0.21389999985694885,0.20915032923221588,0.37796977162361145,0.5066368579864502,0.6616970896720886,0.3738294243812561,0.45254677534103394
105,8.684536825827552,7.921264121515582,30,vegetation_forest,,"https://www.google.com/maps/@7.921264121515582,8.684536825827552,17z/data=!3m1!1e3",0.05260000005364418,0.08810000121593475,0.11490000039339066,0.16484999656677246,0.2508000135421753,0.36169999837875366,0.288100004196167,0.17512691020965576,0.25069794058799744,0.3052442967891693,0.3914157748222351,0.37161609530448914,0.21628886461257935
106,8.648747080747693,7.8507301420852516,20,vegetation_forest,,"https://www.google.com/maps/@7.8507301420852516,8.648747080747693,17z/data=!3m1!1e3",0.061000000685453415,0.10819999873638153,0.15469999611377716,0.16775000095367432,0.2768999934196472,0.3110499978065491,0.21995000541210175,0.19021527469158173,0.3079736828804016,0.6362572908401489,0.5329440832138062,0.28313252329826355,0.446042001247406
107,8.711926175289674,7.884519024407363,20,vegetation_forest,,"https://www.google.com/maps/@7.884519024407363,8.711926175289674,17z/data=!3m1!1e3",0.07150000333786011,0.10930000245571136,0.16380000114440918,0.18160000443458557,0.30559998750686646,0.35899999737739563,0.2342499941587448,0.1497684121131897,0.21730950474739075,0.729555070400238,0.6591557264328003,0.3020877540111542,0.5797866582870483
108,8.689343878927605,7.932960601369079,20,vegetation_forest,,"https://www.google.com/maps/@7.932960601369079,8.689343878927605,17z/data=!3m1!1e3",0.03824999928474426,0.07519999891519547,0.09839999675750732,0.15504999458789825,0.27639999985694885,0.31984999775886536,0.21654999256134033,0.1589578241109848,0.34350478649139404,0.4082934558391571,0.6189170479774475,0.47491997480392456,0.4599592089653015
109,8.661627768076817,7.943251490785792,20,vegetation_forest,,"https://www.google.com/maps/@7.943251490785792,8.661627768076817,17z/data=!3m1!1e3",0.03929999843239784,0.07765000313520432,0.09430000185966492,0.16380000114440918,0.3000999987125397,0.2944500148296356,0.187049999833107,0.1944444626569748,0.4865112006664276,0.6146214008331299,,0.5218052864074707,0.4201769232749939
110,8.698654737950218,7.960230470195547,20,vegetation_forest,,"https://www.google.com/maps/@7.960230470195547,8.698654737950218,17z/data=!3m1!1e3",0.016300000250339508,0.04690000042319298,0.04899999871850014,0.10790000110864639,0.24570000171661377,0.23250000178813934,0.1285499930381775,0.2987421154975891,0.6666666269302368,1.0,0.8465517163276672,0.6674584150314331,0.7012578845024109
111,8.593254522121217,7.831502185214576,20,vegetation_forest,,"https://www.google.com/maps/@7.831502185214576,8.593254522121217,17z/data=!3m1!1e3",0.05050000175833702,0.08659999817609787,0.10700000077486038,0.15860000252723694,0.2994000017642975,0.33160001039505005,0.24879999458789825,0.38604649901390076,0.4796667993068695,0.5865490436553955,0.6141492128372192,0.4734252095222473,0.22810271382331848
112,8.557699532426813,7.774860209097029,10,vegetation_forest,,"https://www.google.com/maps/@7.774860209097029,8.557699532426813,17z/data=!3m1!1e3",0.08839999884366989,0.1340000033378601,0.19280000030994415,0.2442999929189682,0.3589000105857849,0.4293999969959259,0.33059999346733093,0.2824055552482605,0.4070351719856262,0.4739803075790405,0.4708520174026489,0.301069438457489,0.19157475233078003
113,8.791101599273343,7.797760620593181,10,vegetation_forest,,"https://www.google.com/maps/@7.797760620593181,8.791101599273343,17z/data=!3m1!1e3",0.027149999514222145,0.06729999929666519,0.07540000230073929,0.1529500037431717,0.3509500026702881,0.31154999136924744,0.21770000457763672,0.31674692034721375,0.5616815686225891,0.6312507390975952,0.5062137842178345,0.6462999582290649,0.3295530378818512
114,8.712803252857453,7.782890519027009,20,vegetation_forest,,"https://www.google.com/maps/@7.782890519027009,8.712803252857453,17z/data=!3m1!1e3",0.043699998408555984,0.07569999992847443,0.10090000182390213,0.11420000344514847,0.19554999470710754,0.27549999952316284,0.19155000150203705,0.2544589340686798,0.46664533019065857,0.614408016204834,0.003767905058339238,0.3192780911922455,0.6106401085853577
115,8.705112370041872,7.785033327548945,20,vegetation_forest,,"https://www.google.com/maps/@7.785033327548945,8.705112370041872,17z/data=!3m1!1e3",0.04984999820590019,0.08164999634027481,0.10930000245571136,0.12894999980926514,0.21664999425411224,0.3022499978542328,0.18940000236034393,0.22017408907413483,0.37937936186790466,0.5956801772117615,0.3249930441379547,0.3293449580669403,0.37550610303878784
116,8.744363247881088,7.824489193691283,20,vegetation_forest,,"https://www.google.com/maps/@7.824489193691283,8.744363247881088,17z/data=!3m1!1e3",0.032600000500679016,0.06419999897480011,0.07779999822378159,0.14710000157356262,0.24120000004768372,0.31859999895095825,0.23999999463558197,0.31610676646232605,0.41467833518981934,0.5802134871482849,0.37656426429748535,0.5122256875038147,0.26410672068595886
117,8.699305087822136,7.904863098050189,30,vegetation_forest,,"https://www.google.com/maps/@7.904863098050189,8.699305087822136,17z/data=!3m1!1e3",0.04740000143647194,0.08489999920129776,0.12240000069141388,0.15919999778270721,0.27799999713897705,0.33504998683929443,0.22630000114440918,0.18970046937465668,0.2623767554759979,0.32947978377342224,0.32947978377342224,0.388611376285553,0.1989109069108963
118,8.59686282188161,7.984904480359838,30,vegetation_forest,,"https://www.google.com/maps/@7.984904480359838,8.59686282188161,17z/data=!3m1!1e3",0.041200000792741776,0.07765000313520432,0.10379999876022339,0.16030000150203705,0.2721500098705292,0.37404999136924744,0.2590000033378601,0.17857147753238678,0.42841100692749023,0.5539125204086304,0.549399197101593,0.4477989375591278,0.3753410577774048
119,8.70567864166453,7.943328448390989,30,vegetation_forest,,"https://www.google.com/maps/@7.943328448390989,8.70567864166453,17z/data=!3m1!1e3",0.05855000019073486,0.0934000015258789,0.12800000607967377,0.1659500002861023,0.23989999294281006,0.3695499897003174,0.30915001034736633,0.11727617681026459,0.3430194556713104,0.42560553550720215,0.330593079328537,0.3041587173938751,0.30832934379577637
120,8.641479472237906,7.774491345917811,20,vegetation_forest,,"https://www.google.com/maps/@7.774491345917811,8.641479472237906,17z/data=!3m1!1e3",0.041450001299381256,0.07240000367164612,0.09160000085830688,0.13420000672340393,0.2565999925136566,0.3050999939441681,0.2021999955177307,0.27244094014167786,0.48796242475509644,0.5817040205001831,0.6536672711372375,0.4738655686378479,0.3812263309955597
121,8.56414105909466,7.8304736372651895,10,vegetation_forest,,"https://www.google.com/maps/@7.8304736372651895,8.56414105909466,17z/data=!3m1!1e3",0.04910000041127205,0.09200000017881393,0.11420000344514847,0.1695999950170517,0.29510000348091125,0.3476000130176544,0.2703000009059906,0.20417633652687073,0.32928064465522766,0.39711982011795044,0.4578181207180023,0.44197410345077515,0.2536417841911316
122,8.648098344151967,7.889641313821552,20,vegetation_forest,,"https://www.google.com/maps/@7.889641313821552,8.648098344151967,17z/data=!3m1!1e3",0.06279999762773514,0.1096000000834465,0.1395999938249588,0.18479999899864197,0.3078500032424927,0.34804999828338623,0.2540999948978424,0.2140430361032486,0.40662723779678345,0.45346060395240784,0.3627586364746094,0.376019686460495,0.23941756784915924
123,8.609841008942967,7.896178538637695,20,vegetation_forest,,"https://www.google.com/maps/@7.896178538637695,8.609841008942967,17z/data=!3m1!1e3",0.05094999819993973,0.09049999713897705,0.1274999976158142,0.16965000331401825,0.2662000060081482,0.34255000948905945,0.2391500025987625,0.22255191206932068,0.4202454090118408,0.4643678069114685,0.3765532076358795,0.3522987365722656,0.24181589484214783
124,8.808742616355472,7.757056505753042,30,vegetation_forest,,"https://www.google.com/maps/@7.757056505753042,8.808742616355472,17z/data=!3m1!1e3",0.06109999865293503,0.0966000035405159,0.15060000121593475,0.19840000569820404,0.2973000109195709,0.36899998784065247,0.23409999907016754,0.18438982963562012,0.19565778970718384,,0.7531253695487976,0.3275284767150879,0.5687355399131775
