point_id,lon,lat,final_label,dryseason_blue,dryseason_green,dryseason_red,dryseason_rededge,dryseason_nir,dryseason_swir1,dryseason_swir2,ndvi_s1_land_prep_mar_apr,ndvi_s2_early_growth_may_jun,ndvi_s3_peak_growth_jun_sep,ndvi_s4_maturity_sep_oct,ndvi_s5_postharvest_dec_jan,ndvi_amplitude
1,8.716053678439806,7.995924346150204,cropland,0.0079500004649162,0.032999999821186,0.0268500000238418,0.0920000001788139,0.2790000140666961,0.1839500069618225,0.1011999994516372,0.4417870044708252,0.9040042161941528,0.7845425009727478,0.7914547324180603,0.8244237303733826,0.4622172117233276
2,8.684343148910386,7.946247510938392,vegetation_forest,0.0644999966025352,0.1048000007867813,0.147599995136261,0.2113000005483627,0.3140000104904175,0.3982999920845032,0.2976000010967254,0.2573110163211822,0.406801700592041,0.5768947601318359,0.4989023506641388,0.3604852855205536,0.3195837438106537
3,8.816036169562295,7.832430964440448,cropland,0.0333000011742115,0.069750003516674,0.0917500033974647,0.1466500014066696,0.2311500012874603,0.264299988746643,0.1678500026464462,0.1735287606716156,0.4716017842292785,0.7207356095314026,0.8010305166244507,0.4317125976085663,0.6275017261505127
8,8.778037433044062,7.753199556381105,cropland,0.0565499998629093,0.0921000018715858,0.125,0.1405500024557113,0.178749993443489,0.30239999294281,0.270550012588501,0.1650902926921844,0.2922143638134002,0.4817760288715362,0.6162315607070923,0.1769547164440155,0.4511412680149078
9,8.713358732587437,7.991432769729613,vegetation_forest,0.0360499992966651,0.0760999992489814,0.0926000028848648,0.1442999988794326,0.3113499879837036,0.2692500054836273,0.1817000061273574,0.3286861181259155,0.6868008971214294,0.7143203020095825,0.6722262501716614,0.5415273904800415,0.385634183883667
10,8.75575921399789,7.752211409568574,cropland,0.0359000004827976,0.0755999982357025,0.0986000001430511,0.1492000073194503,0.2822000086307525,0.3068000078201294,0.2356999963521957,0.3085435926914215,0.6211188435554504,0.7657657861709595,0.5073015689849854,0.4821428656578064,0.4572221934795379
11,8.577533461628576,7.916153948920396,vegetation_forest,0.0489999987185001,0.0854000002145767,0.1253000050783157,0.1615999937057495,0.2755999863147735,0.3386000096797943,0.2626999914646148,0.281409353017807,0.518499493598938,0.5793251991271973,0.6098231673240662,0.3749064207077026,0.3284138143062591
12,8.82079724056814,7.746192697164972,vegetation_forest,0.0544000007212162,0.0824000015854835,0.1206000000238418,0.1677999943494796,0.2599999904632568,0.3215000033378601,0.2203000038862228,0.1781022101640701,0.1973813474178314,0.5283706188201904,0.4694783687591553,0.3662637770175934,0.3502684235572815
13,8.812442908425822,7.763170856034833,vegetation_forest,0.0421000011265277,0.0798000022768974,0.1085999980568885,0.1600999981164932,0.2822999954223633,0.3242000043392181,0.2087000012397766,0.2734591364860534,0.4581463038921356,0.5903459191322327,0.6606990694999695,0.4443591833114624,0.387239933013916
14,8.756927023867235,7.943283070500797,cropland,0.0586999990046024,0.1009000018239021,0.1482000052928924,0.1782000064849853,0.2917999923229217,0.3603000044822693,0.2463999986648559,0.1622602492570877,0.3422950506210327,0.6369478106498718,0.696602463722229,0.3263636231422424,0.5343422293663025
15,8.716862162195525,7.91354883459644,vegetation_forest,0.0603500008583068,0.092749997973442,0.1369999945163726,0.1764499992132187,0.2522000074386596,0.380950003862381,0.3197500109672546,0.1815113127231598,0.2162296026945114,0.3602120578289032,0.3137697875499725,0.2959918081760406,0.1787007451057434
16,8.789985026322853,7.799372961984858,cropland,0.0217000003904104,0.049100000411272,0.0719999969005584,0.1158000007271766,0.2164999991655349,0.2513999938964844,0.1720000058412552,0.3181670606136322,0.5192943811416626,0.7010243535041809,0.7812995314598083,0.5008665919303894,0.4631324708461761
17,8.628827264351798,7.847881987327312,vegetation_forest,0.063799999654293,0.1136000007390976,0.152999997138977,0.183799996972084,0.3016000092029571,0.368800014257431,0.2678999900817871,0.1958315372467041,0.3666538894176483,0.4606451690196991,0.4482579231262207,0.3268807828426361,0.264813631772995
18,8.663951391960865,7.885790892317146,vegetation_forest,0.046849999576807,0.0856000036001205,0.1089000031352043,0.1544000059366226,0.2696999907493591,0.3404499888420105,0.2597500085830688,0.4261315166950226,0.5013123154640198,0.4390476047992706,0.4871453940868377,0.4247226417064667,0.0765896737575531
19,8.72674363032084,7.993319231826263,vegetation_forest,0.0496999993920326,0.0948000028729438,0.1488000005483627,0.1784999966621399,0.2529999911785126,0.3713999986648559,0.3179999887943268,0.2037670910358429,0.3377867937088012,0.2958325743675232,0.2366566061973571,0.2593329846858978,0.1340197026729583
20,8.76303556779925,7.979395344922409,cropland,0.0758000016212463,0.121799997985363,0.1852000057697296,0.222800001502037,0.3019999861717224,0.4199999868869781,0.3391000032424927,0.1140888407826423,0.2253349870443344,0.4278305768966675,0.5249176621437073,0.2397372424602508,0.4108288288116455
21,8.718479129706935,7.807367968013523,cropland,0.0722000002861023,0.1247999966144561,0.1863999962806701,0.2567000091075897,0.3143999874591827,0.4386000037193298,0.3233999907970428,0.1553045511245727,0.581270158290863,0.7011045813560486,0.558124840259552,0.2555910348892212,0.5458000302314758
22,8.81208358231217,7.947684815392989,cropland,0.0734499990940094,0.1162000000476837,0.1693000048398971,0.2027000039815902,0.2856999933719635,0.390749990940094,0.3287500143051147,0.1578522324562072,0.398499459028244,0.4543851912021637,0.4645328819751739,0.2558241486549377,0.3066806495189667
23,8.79151216230585,7.868992396504112,cropland,0.0549000017344951,0.09740000218153,0.1340000033378601,0.1886000037193298,0.2827999889850616,0.3905999958515167,0.3140000104904175,0.1687898188829422,0.2092023938894271,0.378867506980896,0.2889858186244964,0.3570057451725006,0.2100776880979538
24,8.661346277636937,7.760386078654065,cropland,0.0529000014066696,0.0856000036001205,0.1177000030875206,0.1641000062227249,0.2052000015974044,0.3429000079631805,0.2430000007152557,0.1634517908096313,0.5428458452224731,0.7197047472000122,0.4468418955802917,0.2709817290306091,0.5562529563903809
25,8.7822595148794,7.946337342466805,cropland,0.0793000012636184,0.1171000003814697,0.1577000021934509,0.1984499990940094,0.2811999917030334,0.4150499999523163,0.3397499918937683,0.1613658517599105,0.4970115125179291,0.5369685888290405,0.3424440622329712,0.2813852727413177,0.3756027221679687
26,8.580408070537743,7.944900038012221,cropland,0.0732000023126602,0.1181999966502189,0.1622000038623809,0.2166000008583068,0.3296000063419342,0.4138999879360199,0.2940999865531921,0.1356140673160553,0.4665465354919433,0.4094183146953583,0.3709198832511902,0.3403822779655456,0.330932468175888
27,8.621910236664093,7.783382949927528,cropland,0.0707999989390373,0.1169999986886978,0.1764000058174133,0.2185000032186508,0.3192000091075897,0.4054999947547912,0.2881999909877777,0.2103559821844101,0.3202048242092132,0.3643765747547149,0.599189281463623,0.2881355881690979,0.3888332843780517
28,8.797980032351518,7.854529520429793,cropland,0.069300003349781,0.1086999997496604,0.158500000834465,0.2002999931573867,0.2680499851703644,0.3996999859809875,0.3531999886035919,0.1201716884970665,0.36966273188591,0.492961585521698,0.4025691449642181,0.2568280100822449,0.3727898895740509
30,8.763215230856076,7.839437823656581,cropland,0.0539500005543231,0.0899500027298927,0.1252000033855438,0.1683499962091446,0.3148500025272369,0.3144499957561493,0.2352499961853027,0.3007456660270691,0.3258317112922668,0.2151649445295334,0.3729985952377319,0.4309737384319305,0.2158087939023971
31,8.573131716736384,7.966908762473139,cropland,0.061099998652935,0.1096000000834465,0.1599999964237213,0.2040999978780746,0.2834999859333038,0.39410001039505,0.2642000019550323,0.1487414240837097,0.4335812926292419,0.5947980880737305,0.6795738935470581,0.2784667313098907,0.5308324694633484
32,8.78037305278275,7.810781566093169,cropland,0.0592000000178813,0.0904000028967857,0.1361999958753585,0.1620000004768371,0.2259999960660934,0.3851999938488006,0.2818000018596649,0.1494785398244857,0.1332427114248275,0.6275738477706909,0.5954692363739014,0.2479293197393417,0.4943311214447021
33,8.791961319947916,7.815183310985361,cropland,0.062899999320507,0.0940499976277351,0.1369999945163726,0.1544000059366226,0.2427999973297119,0.3480499982833862,0.2487999945878982,0.1850394010543823,0.2289988249540329,0.5399252772331238,0.0925419703125953,0.2785676717758178,0.447383314371109
34,8.56001631358825,7.879772179913544,cropland,0.0359999984502792,0.0744000002741813,0.0857999995350837,0.1465000063180923,0.2698000073432922,0.3330999910831451,0.2552999854087829,0.2474085688591003,0.4647887349128723,0.5606327056884766,0.6649883389472961,0.5174353122711182,0.4175797700881958
35,8.663592065847212,7.762631866864368,cropland,0.0467000007629394,0.0874999985098838,0.1231999993324279,0.1794999986886978,0.2526000142097473,0.3535000085830688,0.26460000872612,0.1869688332080841,0.3693464398384094,0.4827500879764557,0.7024447917938232,0.3443321287631988,0.5154759883880615
36,8.798968179164035,7.988288666235192,cropland,0.0685999989509582,0.1154000014066696,0.1827999949455261,0.2336000055074691,0.326799988746643,0.4370999932289123,0.3210999965667724,0.1479955017566681,0.4226170778274536,0.6163676977157593,0.6279069781303406,0.2825745642185211,0.4799114763736725
38,8.720635086388825,7.773501481802214,cropland,0.0584000013768672,0.096400000154972,0.1389999985694885,0.1717499941587448,0.2516500055789947,0.3822500109672546,0.3059000074863434,0.2038216441869735,0.3562091290950775,0.5807023644447327,0.51171875,0.2883655726909637,0.3768807053565979
39,8.706890862541798,7.837281866974692,cropland,0.0553999990224838,0.094149999320507,0.13230000436306,0.194250002503395,0.3018999993801117,0.3874000012874603,0.2971499860286712,0.259497731924057,0.5637900829315186,0.5780611038208008,0.5800689458847046,0.3906033933162689,0.3205712139606476
40,8.567292667389609,7.758230121972176,built_up,0.0682500004768371,0.1084000021219253,0.1565999984741211,0.2030500024557113,0.26664999127388,0.3776499927043915,0.3022499978542328,0.2026578038930893,0.3536278307437897,0.4472318291664123,0.4969556927680969,0.2600117921829223,0.2942978739738464
41,8.595050609668903,7.906362312323495,built_up,0.0678000003099441,0.1132000014185905,0.1650000065565109,0.2004999965429306,0.2942000031471252,0.3939999938011169,0.3361999988555908,0.1895424574613571,0.3510815501213074,0.4739386737346649,0.3929961323738098,0.2813588678836822,0.284396231174469
43,8.555794231752884,7.76811159009749,built_up,0.0636000037193298,0.1014999970793724,0.1449999958276748,0.1749999970197677,0.2366999983787536,0.277099996805191,0.2464500069618225,0.1545567810535431,0.2617230117321014,0.2633934617042541,0.2461020499467849,0.2402410358190536,0.108836680650711
44,8.569718118656738,7.786257558836709,built_up,0.0582999996840953,0.101400002837181,0.1334999948740005,0.1872999966144561,0.3145999908447265,0.3307999968528747,0.2506499886512756,0.2004955410957336,0.2890738844871521,0.575864315032959,0.5712220668792725,0.4041508734226227,0.3753687739372253
45,8.565855362935025,7.786976211064001,built_up,0.0727500021457672,0.1089999973773956,0.1516000032424926,0.1555500030517578,0.2048999965190887,0.2747499942779541,0.243599995970726,0.1303890794515609,0.0952897742390632,0.1920546442270279,0.1621999144554138,0.1495091021060943,0.0967648699879646
46,8.564687553065653,7.767123443284959,built_up,0.1767999976873397,0.2005999982357025,0.2338999956846237,0.2576000094413757,0.2964999973773956,0.3019500076770782,0.2673499882221222,0.0762148275971412,0.046160701662302,0.0427774190902709,0.0801670923829078,0.1180241405963897,0.0752467215061187
47,8.590199707134673,7.86800424969158,built_up,0.0688999965786933,0.1129999980330467,0.1521999984979629,0.1768999993801117,0.2727000117301941,0.3375000059604645,0.2632000148296356,0.2343827933073043,0.2680871188640594,0.3193434476852417,0.3078583478927612,0.2835961580276489,0.0849606543779373
48,8.555614568696058,7.762452203807541,built_up,0.050500001758337,0.0926499962806701,0.1283500045537948,0.1855500042438507,0.2511500120162964,0.3032500147819519,0.2762500047683716,0.3539607226848602,0.4451403617858886,0.4068152904510498,0.3282374143600464,0.3235836625099182,0.1215566992759704
49,8.597026903293965,7.772782829574922,built_up,0.1207000017166137,0.1671999990940094,0.2408999949693679,0.2433999925851822,0.3549999892711639,0.4650000035762787,0.4210000038146972,0.0987278148531913,0.2864544987678528,0.3296870291233063,0.2558357417583465,0.1914750784635543,0.2309592068195343
50,8.55732136773588,7.755445344591408,built_up,0.0760499984025955,0.1308999955654144,0.2067500054836273,0.2369000017642974,0.2966000139713287,0.3961000144481659,0.3684000074863434,0.1512542366981506,0.1773798316717147,0.2094039618968963,0.194201648235321,0.1785040348768234,0.0581497251987457
51,8.559567155946183,7.769369231495261,built_up,0.0421000011265277,0.0692000016570091,0.0872500017285347,0.1195999979972839,0.1312499940395355,0.1889500021934509,0.1757999956607818,0.2029722332954406,0.2796531319618225,0.1617541164159774,0.1502698957920074,0.2013729661703109,0.129383236169815
52,8.55839934607684,7.75400804013681,built_up,0.1228000000119209,0.1847999989986419,0.2781000137329101,0.2833000123500824,0.3711999952793121,0.4612500071525574,0.4180499911308288,0.1095557808876037,0.1050793156027793,0.2351890951395034,0.2035561203956604,0.1433851569890976,0.1301097869873047
53,8.618227143999178,7.769099736910022,built_up,0.0768499970436096,0.1162000000476837,0.1474000066518783,0.1898999959230423,0.2696500122547149,0.3393000066280365,0.2790499925613403,0.1957129389047622,0.3008090257644653,0.2849002778530121,0.5237159132957458,0.2931303083896637,0.3280029892921448
54,8.569807950185151,7.72813655995418,built_up,0.0520999990403652,0.0872000008821487,0.1017000004649162,0.1469999998807907,0.2777999937534332,0.3152999877929687,0.2299000024795532,0.2977169156074524,0.4881472289562225,0.5329229831695557,0.5581277012825012,0.4640316069126129,0.2604107856750488
55,8.592984484515426,7.919208220886404,built_up,0.0920000001788139,0.1381999999284744,0.1635999977588653,0.1934999972581863,0.2563999891281128,0.3531000018119812,0.3016000092029571,0.1662230938673019,0.2607819437980652,0.2985986173152923,0.2561233639717102,0.2209523618221283,0.1323755234479904
56,8.57007744477039,7.780957498660399,built_up,0.0606000013649463,0.101000003516674,0.1165999993681907,0.1464000046253204,0.2635999917984009,0.2619999945163727,0.2074999958276748,0.2708933651447296,0.2611449658870697,0.4841713309288025,0.4841713309288025,0.3866386115550995,0.2230263650417328
57,8.55597389480971,7.751672420398108,built_up,0.062950000166893,0.1083000004291534,0.1642999947071075,0.2061000019311905,0.294400006532669,0.3560500144958496,0.2922999858856201,0.2639967501163482,0.3862786293029785,0.623596727848053,0.6400758028030396,0.2836276590824127,0.3760790526866913
58,8.566574015162303,7.754097871665223,built_up,0.0562999993562698,0.0907500013709068,0.1120999976992607,0.170750007033348,0.1744000017642974,0.3064000010490417,0.2591499984264374,0.1834443807601928,0.3220480680465698,0.2838844060897827,0.2829598784446716,0.2174520194530487,0.1386036872863769
59,8.568101151145328,7.758948774199467,built_up,0.0789500027894973,0.125,0.1764499992132187,0.2225500047206878,0.2924500107765198,0.3452000021934509,0.2842000126838684,0.1487743258476257,0.2375859469175338,0.3459240794181824,0.359502762556076,0.2473875284194946,0.2107284367084503
60,8.735906446218848,7.764248834375778,bare_land,0.146599993109703,0.2361000031232834,0.3321999907493591,0.3804500102996826,0.4196000099182129,0.6080999970436096,0.5614500045776367,0.0484402626752853,0.0667367279529571,0.0112540004774928,-0.2332657426595688,0.1162543520331382,0.3495200872421264
61,8.572862222151144,7.739904490176144,bare_land,0.0747999995946884,0.1421999931335449,0.1379999965429306,0.1380999982357025,0.0741999968886375,0.063799999654293,0.0566000007092952,0.0696685537695884,0.0439137108623981,-0.0972722545266151,-0.1495399922132492,-0.3006597757339477,0.3703283369541168
62,8.809478467988242,7.790299977615248,bare_land,0.064249999821186,0.1156999990344047,0.1066000014543533,0.1062500029802322,0.0410000011324882,0.0436000004410743,0.0358499996364116,-0.3969410061836242,-0.193839356303215,-0.0188679285347461,-0.210144892334938,-0.4444444477558136,0.4255765080451965
63,8.73482846787789,7.764608160489431,bare_land,0.0891000032424926,0.1561000049114227,0.2110999971628189,0.3148500025272369,0.4405499994754791,0.5265499949455261,0.4643999934196472,0.1958763152360916,0.200296938419342,0.2455480843782425,0.0226912833750247,0.3521061837673187,0.3294149041175842
64,8.635205302869053,7.747450338562743,bare_land,0.0854000002145767,0.1513999998569488,0.2269999980926513,0.260699987411499,0.3089999854564667,0.4720000028610229,0.4483999907970428,-0.2190920859575271,0.0124640427529811,0.0124640427529811,-0.2835625410079956,0.1529850512742996,0.436547577381134
65,8.764113546140209,7.760655573239305,bare_land,0.138600006699562,0.210099995136261,0.2847000062465668,0.3154500126838684,0.3435499966144562,0.5109999775886536,0.4740499854087829,0.0624742694199085,0.066575102508068,0.0520996414124965,-0.0426198877394199,0.0936728864908218,0.1362927705049514
67,8.68739742087638,7.741341794630728,bare_land,0.1053000018000602,0.1668999940156936,0.2166000008583068,0.2050500065088272,0.258899986743927,0.2859500050544739,0.2515499889850616,-0.3287812769412994,-0.295207679271698,-0.1114718914031982,-0.0677698999643325,0.0889589637517929,0.4177402257919311
68,8.741026843338318,7.995385356979739,bare_land,0.0553000010550022,0.0952999964356422,0.1668999940156936,0.1977500021457672,0.277999997138977,0.3503499925136566,0.2737500071525574,0.123000867664814,0.2903895974159241,0.3825357854366302,0.3286965489387512,0.2497190535068512,0.2595349252223968
69,8.561543449571246,7.770447209836206,bare_land,0.1165999993681907,0.1853999942541122,0.3018999993801117,0.3592999875545501,0.3797500133514404,0.5392500162124634,0.5311999917030334,0.0972680747509002,0.0697293952107429,0.1008136793971061,0.1155835315585136,0.1142081916332244,0.0458541363477706
70,8.775701813305346,7.759487763369947,bare_land,0.0551999993622303,0.0922499969601631,0.0876000002026557,0.0808999985456466,0.0463000014424324,0.0698499977588653,0.0531999990344047,-0.2949516475200653,-0.2271880805492401,-0.2097292393445968,-0.3109243810176849,-0.3084391057491302,0.101195141673088
71,8.59037937019147,7.741341794630728,bare_land,0.1788000017404556,0.260699987411499,0.3492000102996826,0.3950999975204468,0.4370000064373016,0.6219499707221985,0.5760999917984009,0.0625494867563247,0.0724089071154594,-0.1142425611615181,-0.3107207715511322,0.1116764098405838,0.4223971962928772
72,8.7573761815093,7.759936921011999,bare_land,0.1368999928236007,0.2071000039577484,0.2919000089168548,0.3258000016212463,0.3494000136852264,0.4957000017166137,0.4624499976634979,0.0326780080795288,0.0886932834982872,-0.0987207144498825,-0.2347289025783538,0.0896616280078888,0.3243905305862427
73,8.634666313698574,7.747630001619569,bare_land,0.0535000003874301,0.0971999987959861,0.1469999998807907,0.1700000017881393,0.1583999991416931,0.3084999918937683,0.2639000117778778,-0.147849440574646,0.0306071192026138,0.0306071192026138,-0.2218133211135864,0.037328090518713,0.2591414153575897
74,8.787020585885244,7.760745404767718,bare_land,0.0172499995678663,0.0412999987602233,0.0401500016450881,0.0596500001847744,0.0503499992191791,0.0612999983131885,0.0480999983847141,-0.0193740632385015,0.0018587328959256,-0.1617565304040908,-0.3950578868389129,0.1127071529626846,0.5077650547027588
75,8.561453618042833,7.985953046496476,bare_land,0.0377999991178512,0.0697999969124794,0.1032000035047531,0.1428499966859817,0.2320500016212463,0.2768999934196472,0.2053000032901764,0.1672498434782028,0.4390789568424225,0.4930817484855652,0.506263017654419,0.3843400478363037,0.3390131592750549
76,8.7611491057026,7.757241975159644,bare_land,0.0568999983370304,0.0872000008821487,0.0930999964475631,0.0891000032424926,0.049600001424551,0.0502500012516975,0.0399000011384487,-0.3477261960506439,-0.3593908548355102,-0.2135017961263656,-1.0,-0.3048352897167206,0.7864981889724731
77,8.764562703782246,7.78913216774589,bare_land,0.1324999928474426,0.19930000603199,0.2660999894142151,0.2970499992370605,0.3145999908447265,0.4796999990940094,0.4553500115871429,0.0491275079548358,0.0433467961847782,-0.0887264981865882,-0.2372479140758514,0.0835198983550071,0.3207678198814392
78,8.568999466429432,7.738197691136307,bare_land,0.1570000052452087,0.2238000035285949,0.2915999889373779,0.3276999890804291,0.3560999929904938,0.5296000242233276,0.4945000112056732,0.0583477728068828,0.1433872431516647,0.0245383251458406,-0.0778816267848014,0.0995831489562988,0.2212688624858856
79,8.563340080139483,7.738646848778373,bare_land,0.1477999985218048,0.2243999987840652,0.3095999956130981,0.3510999977588653,0.3835000097751617,0.5694000124931335,0.5288000106811523,0.043757114559412,0.0734368562698364,0.0353026017546653,-0.2293445467948913,0.1066224426031112,0.3359670042991638
80,8.663592065847212,7.7408028054602624,water,0.0641999989748001,0.1058000028133392,0.099600002169609,0.0904000028967857,0.0392000004649162,0.035300001502037,0.031199999153614,-0.5335463285446167,-0.2216280400753021,-0.1719342619180679,-0.2824055552482605,-0.4351584911346435,0.3616120815277099
81,8.79285963523202,7.7982051521155,water,0.0835999995470047,0.138600006699562,0.1242000013589859,0.1181000024080276,0.0342000015079975,0.0271000005304813,0.026300000026822,-0.4335496127605438,-0.3086012899875641,-0.0790802091360092,-0.3397380113601684,-0.5681818127632141,0.4891015887260437
82,8.642840982784065,7.745114718824027,water,0.0812000036239624,0.1345999985933303,0.123999997973442,0.1262000054121017,0.0456000007688999,0.0267999991774559,0.0252999998629093,-0.3666775226593017,-0.1420751363039016,-0.1042172908782959,-0.1103896275162696,-0.4622641503810882,0.3580468595027923
83,8.744170946832753,7.772962492631734,water,0.0877500027418136,0.1394000053405761,0.1412999927997589,0.1466999948024749,0.065700002014637,0.1151499971747398,0.1036000028252601,-0.4038772583007812,-0.1871733218431472,-0.0634810552000999,-0.2351274490356445,-0.3652173578739166,0.3403961956501007
84,8.819809093755623,7.810691734564756,water,0.0807500034570694,0.1238999962806701,0.1298000067472458,0.1343999952077865,0.0548500008881092,0.0516999997198581,0.0437499992549419,-0.3810633420944214,-0.2245613932609558,-0.0853381231427192,-0.2014569789171219,-0.4059030711650848,0.3205649554729461
85,8.814239538994059,7.8108713976215824,water,0.088699996471405,0.135900005698204,0.12950000166893,0.1184500008821487,0.0368999987840652,0.0344499982893466,0.0313000008463859,-0.4126621186733246,-0.205515444278717,-0.0913789123296737,-0.2415779083967209,-0.556490421295166,0.465111494064331
86,8.724677505167364,7.766314959529254,water,0.1168000027537345,0.179299995303154,0.241799995303154,0.2877500057220459,0.2883999943733215,0.4622499942779541,0.4377500116825104,0.042208656668663,0.0202224496752023,-0.0698869451880455,-0.1633237451314926,0.0878913626074791,0.2512151002883911
87,8.562890922497417,7.738736680306786,water,0.1560000032186508,0.2422000020742416,0.3384000062942505,0.3833999931812286,0.4180000126361847,0.5888000130653381,0.5486000180244446,0.0537802204489707,0.0844616219401359,-0.0141911003738641,-0.2188937216997146,0.1052353307604789,0.324129045009613
88,8.813071729124715,7.788503347047012,water,0.1597000062465667,0.2335000038146972,0.3138000071048736,0.3468999862670898,0.3756000101566314,0.5430999994277954,0.5116999745368958,0.0616649240255355,0.0308850072324275,-0.0298939198255538,-0.3271028101444244,0.0896431729197502,0.4167459905147552
89,8.633678166886057,7.739814658647731,water,0.067500002682209,0.1074000000953674,0.1062000021338462,0.1009000018239021,0.0368000008165836,0.0248000007122755,0.0243999995291233,-0.1969111859798431,-0.3895065486431122,-0.2385542243719101,-0.1816513985395431,-0.4853146970272064,0.3036633133888244
90,8.728450429360663,7.759038605727881,water,0.1271000057458877,0.2062000036239624,0.2832500040531158,0.3447499871253967,0.3501999974250793,0.5426499843597412,0.5165500044822693,0.0674207136034965,0.0636504217982292,-0.0797481462359428,-0.0797481462359428,0.1056910455226898,0.1854391992092132
91,8.69961450874041,7.763260687563246,water,0.0777999982237815,0.1222999989986419,0.1154000014066696,0.1076499968767166,0.0434000007808208,0.0315500013530254,0.0298500005155801,-0.4424642622470855,-0.24397674202919,-0.0677731558680534,-0.1552471816539764,-0.4534004926681518,0.3856273293495178
93,8.816126001090709,7.785269412024178,water,0.0744000002741813,0.1147999987006187,0.1168000027537345,0.1301999986171722,0.0649000033736229,0.0346500016748905,0.0324000008404254,-0.4383561611175537,-0.3109726905822754,-0.1041065230965614,-0.201445922255516,-0.2856356501579284,0.3342496454715729
94,8.809478467988242,7.935108401415306,water,0.0151000004261732,0.0445500016212463,0.0493000000715255,0.1118500009179115,0.2052000015974044,0.1629000008106231,0.0953499972820282,0.6953850984573364,0.811622142791748,0.6303818225860596,0.6701846718788147,0.6125736832618713,0.1990484595298767
95,8.68092955083074,7.761643720051836,water,0.0886000022292137,0.138600006699562,0.1289999932050705,0.1194000020623207,0.0449000000953674,0.0342000015079975,0.0328000001609325,-0.4455523192882538,-0.1055021733045578,0.0019342326559126,-0.110860988497734,-0.4836112558841705,0.4855454862117767
96,8.622718720419783,7.740084153232971,water,0.135000005364418,0.2342000007629394,0.3440000116825104,0.3937999904155731,0.4406000077724457,0.6434000134468079,0.5935999751091003,0.0696012675762176,0.0871505811810493,0.0840255543589592,-0.4834710657596588,0.1231200546026229,0.6065911054611206
97,8.622269562777717,7.73667055515331,water,0.130400002002716,0.2143999934196472,0.3095999956130981,0.3476000130176544,0.3928999900817871,0.5745999813079834,0.5347999930381775,0.0431912317872047,0.0695852264761924,-0.0118980072438716,-0.5372775197029114,0.1185765042901039,0.6558540463447571
98,8.616340681902528,7.735412913755539,water,0.1495999991893768,0.2269999980926513,0.3233000040054321,0.3641999959945678,0.3899999856948852,0.5767999887466431,0.5335999727249146,0.0409572757780551,0.0515089556574821,0.0599241442978382,-0.5179124474525452,0.0935090184211731,0.6114214658737183
99,8.622718720419783,7.737029881266963,water,0.121799997985363,0.2088000029325485,0.3030000030994415,0.3407999873161316,0.388399988412857,0.5898000001907349,0.5449000000953674,0.0537602417171001,0.0764662250876426,-0.006792708300054,-0.2460882067680359,0.1235174834728241,0.36960569024086
100,8.64698411864321,7.896873540093114,vegetation_forest,0.0434500016272068,0.0778999999165535,0.1190999969840049,0.1392000019550323,0.2567000091075897,0.3406000137329101,0.2476000040769577,0.1773190796375274,0.5027295351028442,0.5342934131622314,0.3974283337593078,0.3661522269248962,0.356974333524704
102,8.672915046189116,7.952334623955027,vegetation_forest,0.0562999993562698,0.1063999980688095,0.1536000072956085,0.2071000039577484,0.3107999861240387,0.3637000024318695,0.2450000047683715,0.1784728318452835,0.5852193832397461,0.4822704792022705,0.35262531042099,0.3385012447834015,0.4067465662956238
103,8.579181141396845,7.735708877000666,cropland,0.0869999974966049,0.1432999968528747,0.1829999983310699,0.2172500044107437,0.230100005865097,0.3156999945640564,0.2737999856472015,0.2565804421901703,0.4521706700325012,-0.0405305735766887,-0.042412344366312,0.1140159964561462,0.4945830106735229
104,8.801220731536688,7.76691709706567,cropland,0.048700001090765,0.0888999998569488,0.1237000003457069,0.1803999990224838,0.2714000046253204,0.3244000077247619,0.2138999998569488,0.2091503292322158,0.3779697716236114,0.5066368579864502,0.6616970896720886,0.3738294243812561,0.4525467753410339
105,8.684536825827552,7.921264121515582,vegetation_forest,0.0526000000536441,0.0881000012159347,0.1149000003933906,0.1648499965667724,0.2508000135421753,0.3616999983787536,0.288100004196167,0.1751269102096557,0.2506979405879974,0.3052442967891693,0.3914157748222351,0.3716160953044891,0.2162888646125793
106,8.648747080747693,7.8507301420852516,vegetation_forest,0.0610000006854534,0.1081999987363815,0.1546999961137771,0.1677500009536743,0.2768999934196472,0.3110499978065491,0.2199500054121017,0.1902152746915817,0.3079736828804016,0.6362572908401489,0.5329440832138062,0.2831325232982635,0.446042001247406
107,8.711926175289674,7.884519024407363,cropland,0.0715000033378601,0.1093000024557113,0.1638000011444091,0.1816000044345855,0.3055999875068664,0.3589999973773956,0.2342499941587448,0.1497684121131897,0.2173095047473907,0.729555070400238,0.6591557264328003,0.3020877540111542,0.5797866582870483
108,8.689343878927605,7.932960601369079,cropland,0.0382499992847442,0.0751999989151954,0.0983999967575073,0.1550499945878982,0.2763999998569488,0.3198499977588653,0.2165499925613403,0.1589578241109848,0.343504786491394,0.4082934558391571,0.6189170479774475,0.4749199748039245,0.4599592089653015
110,8.698654737950218,7.960230470195547,cropland,0.0163000002503395,0.0469000004231929,0.0489999987185001,0.1079000011086463,0.2457000017166137,0.2325000017881393,0.1285499930381775,0.2987421154975891,0.6666666269302368,1.0,0.8465517163276672,0.6674584150314331,0.7012578845024109
111,8.593254522121217,7.831502185214576,vegetation_forest,0.050500001758337,0.0865999981760978,0.1070000007748603,0.1586000025272369,0.2994000017642975,0.33160001039505,0.2487999945878982,0.3860464990139007,0.4796667993068695,0.5865490436553955,0.6141492128372192,0.4734252095222473,0.2281027138233184
112,8.557699532426813,7.774860209097029,vegetation_forest,0.0883999988436698,0.1340000033378601,0.1928000003099441,0.2442999929189682,0.3589000105857849,0.4293999969959259,0.3305999934673309,0.2824055552482605,0.4070351719856262,0.4739803075790405,0.4708520174026489,0.301069438457489,0.19157475233078
113,8.791101599273343,7.797760620593181,vegetation_forest,0.0271499995142221,0.0672999992966651,0.0754000023007392,0.1529500037431717,0.3509500026702881,0.3115499913692474,0.2177000045776367,0.3167469203472137,0.5616815686225891,0.6312507390975952,0.5062137842178345,0.6462999582290649,0.3295530378818512
114,8.712803252857453,7.782890519027009,cropland,0.0436999984085559,0.0756999999284744,0.1009000018239021,0.1142000034451484,0.1955499947071075,0.2754999995231628,0.191550001502037,0.2544589340686798,0.4666453301906585,0.614408016204834,0.0037679050583392,0.3192780911922455,0.6106401085853577
115,8.705112370041872,7.785033327548945,vegetation_forest,0.0498499982059001,0.0816499963402748,0.1093000024557113,0.1289499998092651,0.2166499942541122,0.3022499978542328,0.1894000023603439,0.2201740890741348,0.3793793618679046,0.5956801772117615,0.3249930441379547,0.3293449580669403,0.3755061030387878
116,8.744363247881088,7.824489193691283,vegetation_forest,0.032600000500679,0.0641999989748001,0.0777999982237815,0.1471000015735626,0.2412000000476837,0.3185999989509582,0.2399999946355819,0.316106766462326,0.4146783351898193,0.5802134871482849,0.3765642642974853,0.5122256875038147,0.2641067206859588
117,8.699305087822136,7.904863098050189,vegetation_forest,0.0474000014364719,0.0848999992012977,0.1224000006914138,0.1591999977827072,0.277999997138977,0.3350499868392944,0.2263000011444091,0.1897004693746566,0.2623767554759979,0.3294797837734222,0.3294797837734222,0.388611376285553,0.1989109069108963
118,8.59686282188161,7.984904480359838,vegetation_forest,0.0412000007927417,0.0776500031352043,0.1037999987602233,0.160300001502037,0.2721500098705292,0.3740499913692474,0.2590000033378601,0.1785714775323867,0.4284110069274902,0.5539125204086304,0.549399197101593,0.4477989375591278,0.3753410577774048
119,8.70567864166453,7.943328448390989,vegetation_forest,0.0585500001907348,0.0934000015258789,0.1280000060796737,0.1659500002861023,0.23989999294281,0.3695499897003174,0.3091500103473663,0.1172761768102645,0.3430194556713104,0.4256055355072021,0.330593079328537,0.3041587173938751,0.3083293437957763
120,8.641479472237906,7.774491345917811,vegetation_forest,0.0414500012993812,0.0724000036716461,0.0916000008583068,0.1342000067234039,0.2565999925136566,0.3050999939441681,0.2021999955177307,0.2724409401416778,0.4879624247550964,0.5817040205001831,0.6536672711372375,0.4738655686378479,0.3812263309955597
121,8.56414105909466,7.830473637265189,vegetation_forest,0.049100000411272,0.0920000001788139,0.1142000034451484,0.1695999950170517,0.2951000034809112,0.3476000130176544,0.2703000009059906,0.2041763365268707,0.3292806446552276,0.3971198201179504,0.4578181207180023,0.4419741034507751,0.2536417841911316
122,8.648098344151967,7.889641313821552,vegetation_forest,0.0627999976277351,0.1096000000834465,0.1395999938249588,0.1847999989986419,0.3078500032424927,0.3480499982833862,0.2540999948978424,0.2140430361032486,0.4066272377967834,0.4534606039524078,0.3627586364746094,0.376019686460495,0.2394175678491592
123,8.609841008942967,7.896178538637695,vegetation_forest,0.0509499981999397,0.090499997138977,0.1274999976158142,0.1696500033140182,0.2662000060081482,0.3425500094890594,0.2391500025987625,0.2225519120693206,0.4202454090118408,0.4643678069114685,0.3765532076358795,0.3522987365722656,0.2418158948421478
